{"cameraMode":{"drawMode":0,"name":"Shaded","section":"Shading Mode"},"sceneLighting":true,"audioPlay":false,"sceneViewState":{"showFog":true,"showMaterialUpdate":false,"showSkybox":true,"showFlares":true,"showImageEffects":true,"showParticleSystems":true,"showVisualEffectGraphs":true,"m_FxEnabled":true},"in2DMode":false,"pivot":{"x":12.16523265838623,"y":-0.14215750992298127,"z":2.9023776054382326},"rotation":{"x":0.09212903678417206,"y":-0.14879420399665833,"z":0.013941861689090729,"w":0.9845009446144104},"size":2.7754886150360109,"orthographic":false}